EmployeeID,FirstName,LastName,DepartmentID,Salary,DateOfJoining,Email
1,Ravi,Sharma,1,45000.00,2022-05-20,ravi.sharma@example.com
2,Priya,Patil,2,60000.00,2021-03-15,priya.patil@example.com
3,Amit,Kumar,3,75000.00,2020-01-10,amit.kumar@example.com
4,Sneha,Desai,4,50000.00,2019-07-22,sneha.desai@example.com
5,Nisha,Joshi,5,55000.00,2023-08-01,nisha.joshi@example.com
6,Raj,Verma,6,48000.00,2022-09-14,raj.verma@example.com
7,Anil,Roy,7,70000.00,2020-02-20,anil.roy@example.com
8,Vikram,Chauhan,8,45000.00,2023-06-11,vikram.chauhan@example.com
9,Arun,Khan,9,65000.00,2021-12-03,arun.khan@example.com
10,Geeta,Reddy,10,62000.00,2020-11-10,geeta.reddy@example.com
11,Rohit,Sharma,1,46000.00,2022-03-25,rohit.sharma@example.com
12,Pooja,Mehta,2,59000.00,2021-05-17,pooja.mehta@example.com
13,Karan,Jain,3,73000.00,2020-08-10,karan.jain@example.com
14,Smita,Pawar,4,51000.00,2019-09-14,smita.pawar@example.com
15,Neha,Deshmukh,5,57000.00,2023-10-19,neha.deshmukh@example.com
16,Rahul,Joshi,6,50000.00,2022-07-07,rahul.joshi@example.com
17,Ajay,Roy,7,72000.00,2020-03-25,ajay.roy@example.com
18,Sunita,Sharma,8,48000.00,2023-11-21,sunita.sharma@example.com
19,Akshay,Patil,9,68000.00,2021-01-15,akshay.patil@example.com
20,Isha,Reddy,10,64000.00,2020-06-12,isha.reddy@example.com
21,Vivek,Shah,1,47000.00,2022-02-23,vivek.shah@example.com
22,Tina,Gupta,2,58000.00,2021-06-28,tina.gupta@example.com
23,Aditya,Kumar,3,72000.00,2020-09-05,aditya.kumar@example.com
24,Simran,Pawar,4,52000.00,2019-11-08,simran.pawar@example.com
25,Sanjay,Deshmukh,5,56000.00,2023-05-30,sanjay.deshmukh@example.com
26,Anjali,Joshi,6,51000.00,2022-08-17,anjali.joshi@example.com
27,Ramesh,Roy,7,74000.00,2020-04-16,ramesh.roy@example.com
28,Preeti,Sharma,8,49000.00,2023-12-05,preeti.sharma@example.com
29,Ankur,Patil,9,66000.00,2021-07-13,ankur.patil@example.com
30,Meera,Reddy,10,61000.00,2020-10-20,meera.reddy@example.com
31,Vikas,Shah,1,49000.00,2022-04-04,vikas.shah@example.com
32,Neeta,Gupta,2,60000.00,2021-09-09,neeta.gupta@example.com
33,Ashish,Kumar,3,74000.00,2020-12-01,ashish.kumar@example.com
34,Ritu,Pawar,4,53000.00,2019-10-24,ritu.pawar@example.com
35,Santosh,Deshmukh,5,58000.00,2023-02-18,santosh.deshmukh@example.com
36,Lata,Joshi,6,52000.00,2022-11-29,lata.joshi@example.com
37,Arjun,Roy,7,71000.00,2020-07-04,arjun.roy@example.com
38,Kiran,Sharma,8,50000.00,2023-03-10,kiran.sharma@example.com
39,Mohit,Patil,9,67000.00,2021-11-11,mohit.patil@example.com
40,Naina,Reddy,10,63000.00,2020-02-14,naina.reddy@example.com
41,Siddharth,Gupta,3,70000.00,2024-01-01,siddharth.gupta@example.com
42,Aarav,Jain,3,72000.00,2024-01-02,aarav.jain@example.com
43,Rahul,Mehra,11,58000.00,2024-01-10,rahul.mehra@example.com
44,Sara,Kapoor,11,62000.00,2024-01-11,sara.kapoor@example.com
45,Nitin,Shah,11,60000.00,2024-01-12,nitin.shah@example.com
46,Riya,Sharma,1,50000.00,2024-02-01,riya.sharma@example.com
47,Mohit,Desai,1,55000.00,2024-02-02,mohit.desai@example.com
48,Sneha,Rao,2,60000.00,2024-02-15,sneha.rao@example.com
49,Aditya,Malhotra,7,65000.00,2024-03-01,aditya.malhotra@example.com
50,Priyanka,Kapoor,7,67000.00,2024-03-02,priyanka.kapoor@example.com
51,Kunal,Singh,7,68000.00,2024-03-03,kunal.singh@example.com
52,Arjun,Shah,12,75000.00,2024-04-01,arjun.shah@example.com
53,Riya,Patel,12,72000.00,2024-04-02,riya.patel@example.com
54,Kavita,Desai,13,50000.00,2024-05-01,kavita.desai@example.com
55,Amit,Jain,13,52000.00,2024-05-02,amit.jain@example.com
